[
  {
    "title": "Bakso President Original",
    "description": "Bakso urat daging sapi pilihan dengan kuah kaldu gurih dan rempah khas Malang.",
    "price": "Rp 25.000",
    "imageUrl": "https://pinhome.id/blog/wp-content/uploads/2021/07/menu-bakso-president-malang.jpg"
  },
  {
    "title": "Bakso President Jumbo",
    "description": "Bakso super besar dengan isian telur puyuh, urat, dan kuah kaldu istimewa.",
    "price": "Rp 35.000",
    "imageUrl": "assets/gambar-bakso-jumbo.jpg"
  },
  {
    "title": "Paket Keluarga",
    "description": "Paket hemat untuk 4 orang: 4 bakso, tahu, pangsit, dan es teh manis.",
    "price": "Rp 85.000",
    "imageUrl": "assets/gambar-paket-keluarga.jpg"
  }
]